{
    "$schema": "https://schema.management.azure.com/schemas/2015-01-01/deploymentParameters.json#",
    "contentVersion": "1.0.0.0",
    "parameters": {
        "profiles_chenghCDNProfile_name": {
            "value": null
        },
        "alertrules_CPU_more_than_10_sec_name": {
            "value": null
        },
        "alertrules_Server_Error_Sec_name": {
            "value": null
        },
        "alertrules_Failure_Anomalies___chenghWebApp_name": {
            "value": null
        },
        "alertrules_Failure_Anomalies___chenghWebApp_secondary_name": {
            "value": null
        },
        "alertrules_CPU_more_than_10_name": {
            "value": null
        },
        "alertrules_CPU_more_than_70_name": {
            "value": null
        },
        "alertrules_Server_Error_name": {
            "value": null
        },
        "autoscalesettings_CPU_70_name": {
            "value": null
        },
        "components_chenghWebApp_name": {
            "value": null
        },
        "components_chenghWebApp_secondary_name": {
            "value": null
        },
        "trafficManagerProfiles_chengh_name": {
            "value": null
        },
        "serverfarms_chenghWebAppServicePlan_secondary_name": {
            "value": null
        },
        "serverfarms_chenghWebAppServicePlan_name": {
            "value": null
        },
        "sites_chenghWebApp_secondary_name": {
            "value": null
        },
        "sites_chenghtest_name": {
            "value": null
        },
        "sites_chenghWebApp_name": {
            "value": null
        },
        "endpoints_activelearningcdn_name": {
            "value": null
        },
        "origins_chenghstorage_blob_core_windows_net_name": {
            "value": null
        },
        "config_web_name": {
            "value": null
        },
        "config_web_name_1": {
            "value": null
        },
        "config_web_name_2": {
            "value": null
        }
    }
}